{"cameraMode":{"drawMode":0,"name":"Shaded","section":"Shading Mode"},"sceneLighting":true,"audioPlay":false,"sceneViewState":{"showFog":true,"showMaterialUpdate":false,"showSkybox":true,"showFlares":true,"showImageEffects":true,"showParticleSystems":true},"in2DMode":false,"pivot":{"x":-3.299999952316284,"y":1.0833334922790528,"z":0.0},"rotation":{"x":-0.5322152376174927,"y":-0.01473183836787939,"z":0.009262671694159508,"w":-0.8464313745498657},"size":11.411855697631836,"orthographic":false}