{"cameraMode":{"drawMode":0,"name":"Shaded","section":"Shading Mode"},"sceneLighting":true,"audioPlay":false,"sceneViewState":{"showFog":true,"showMaterialUpdate":false,"showSkybox":true,"showFlares":true,"showImageEffects":true,"showParticleSystems":true},"in2DMode":false,"pivot":{"x":-1.7823638916015626,"y":-3.0665578842163088,"z":-21.310441970825197},"rotation":{"x":0.26678887009620669,"y":0.533217191696167,"z":-0.18193115293979646,"w":0.7819235920906067},"size":25.11128807067871,"orthographic":false}