{"cameraMode":{"drawMode":0,"name":"Shaded","section":"Shading Mode"},"sceneLighting":true,"audioPlay":false,"sceneViewState":{"showFog":true,"showMaterialUpdate":false,"showSkybox":true,"showFlares":true,"showImageEffects":true,"showParticleSystems":true},"in2DMode":false,"pivot":{"x":-12.905595779418946,"y":-7.595058441162109,"z":-9.011054992675782},"rotation":{"x":-0.2719663083553314,"y":0.7152813076972961,"z":-0.36858469247817995,"w":-0.5277925133705139},"size":59.964298248291019,"orthographic":false}